,ID_Num,Group,Subgroup,Age,Gender,DART,CANTAB_SWM_Totalerrors,CANTAB_SWM_Strategy,BACS_numbersequencetotalcorrect,BACS_Fluency_Total,BACS_Symbolnumbersnrcorrec,CANTAB_IEDTotalerrorsadj
0,1,1,1,27,1,23.0,9.0,23.0,14.0,50.0,38.0,31.0
1,2,1,1,30,1,9.0,5.0,27.0,19.0,43.0,56.0,9.0
2,3,1,1,35,0,14.0,0.0,20.0,28.0,56.0,62.0,7.0
3,4,1,1,22,0,40.0,76.0,35.0,19.0,39.0,37.0,53.0
4,5,1,1,22,0,28.0,18.0,21.0,19.0,51.0,45.0,10.0
5,6,1,1,21,1,23.0,8.0,31.0,24.0,36.0,65.0,21.0
6,8,1,1,21,0,29.0,13.0,37.0,24.0,61.0,62.0,26.0
7,9,1,1,25,1,28.0,37.0,38.0,15.0,75.0,50.0,56.0
8,10,1,1,26,0,26.0,32.0,31.0,18.0,55.0,63.0,8.0
9,11,1,1,20,1,26.0,0.0,27.0,25.0,54.0,78.0,9.0
10,12,1,1,24,0,26.0,41.0,33.0,22.0,45.0,65.0,10.0
11,13,1,1,21,1,29.0,6.0,22.0,20.0,76.0,72.0,10.0
12,14,1,1,19,0,13.0,5.0,28.0,16.0,48.0,45.0,9.0
13,15,1,1,23,0,10.0,20.0,32.0,24.0,48.0,59.0,10.0
14,16,1,1,20,0,29.0,9.0,28.0,21.0,68.0,62.0,24.0
15,17,1,1,27,1,23.0,2.0,29.0,23.0,55.0,48.0,5.0
16,18,1,1,19,0,30.0,4.0,31.0,27.0,73.0,61.0,8.0
17,19,1,1,20,1,23.0,17.0,28.0,12.0,48.0,37.0,9.0
18,20,1,1,24,1,27.0,0.0,19.0,22.0,65.0,69.0,7.0
19,21,1,1,22,0,25.0,1.0,23.0,25.0,62.0,71.0,9.0
20,22,1,1,22,0,29.0,0.0,19.0,13.0,51.0,62.0,7.0
21,23,1,1,24,1,25.0,51.0,40.0,20.0,59.0,52.0,17.0
22,24,1,1,22,1,33.0,20.0,38.0,16.0,48.0,58.0,11.0
23,26,1,1,22,1,23.0,0.0,27.0,22.0,54.0,58.0,8.0
24,28,1,1,30,1,21.0,11.0,24.0,14.0,37.0,52.0,10.0
25,29,1,1,19,0,19.0,2.0,26.0,12.0,60.0,48.0,11.0
26,30,1,1,19,0,22.0,11.0,24.0,13.0,60.0,73.0,60.0
27,31,1,1,24,1,16.0,6.0,29.0,26.0,69.0,63.0,20.0
28,32,1,1,24,0,8.0,9.0,23.0,17.0,43.0,58.0,7.0
29,33,1,1,27,0,22.0,8.0,21.0,17.0,46.0,47.0,7.0
30,34,1,1,21,1,21.0,3.0,26.0,20.0,54.0,58.0,7.0
31,35,1,1,23,1,23.0,16.0,29.0,25.0,115.0,77.0,8.0
32,36,1,1,24,0,14.0,8.0,18.0,21.0,85.0,76.0,10.0
33,37,1,1,24,1,29.0,13.0,26.0,22.0,65.0,59.0,10.0
34,38,1,1,18,0,23.0,3.0,23.0,24.0,68.0,90.0,47.0
35,39,1,1,39,1,29.0,0.0,19.0,27.0,54.0,48.0,7.0
36,40,1,1,29,0,25.0,0.0,27.0,24.0,70.0,58.0,8.0
37,42,1,1,30,1,11.0,0.0,21.0,24.0,48.0,58.0,7.0
38,43,1,1,23,1,23.0,13.0,20.0,23.0,38.0,37.0,54.0
39,45,1,1,24,0,25.0,4.0,23.0,19.0,59.0,56.0,6.0
40,46,1,1,22,0,30.0,3.0,29.0,21.0,69.0,69.0,12.0
41,47,1,1,32,1,25.0,0.0,19.0,26.0,70.0,60.0,8.0
42,48,1,1,27,0,23.0,7.0,25.0,24.0,40.0,65.0,13.0
43,49,1,1,18,0,17.0,0.0,29.0,18.0,50.0,58.0,12.0
44,50,1,1,23,0,21.0,23.0,34.0,12.0,49.0,47.0,9.0
45,51,1,1,22,0,19.0,7.0,30.0,21.0,73.0,72.0,8.0
46,52,1,1,25,0,16.0,21.0,26.0,22.0,61.0,58.0,15.0
47,53,1,1,24,0,20.0,0.0,20.0,22.0,67.0,75.0,8.0
48,54,1,1,18,0,22.0,6.0,26.0,25.0,75.0,74.0,12.0
49,55,1,1,22,1,16.0,2.0,25.0,23.0,45.0,67.0,14.0
50,57,1,1,18,0,2.0,13.0,33.0,12.0,49.0,50.0,8.0
51,58,1,1,26,0,19.0,18.0,33.0,22.0,37.0,50.0,36.0
52,59,1,1,24,0,27.0,17.0,35.0,19.0,64.0,56.0,9.0
53,60,1,1,19,1,19.0,2.0,24.0,20.0,74.0,67.0,8.0
54,61,1,1,22,1,33.0,2.0,20.0,26.0,60.0,108.0,6.0
55,62,1,1,20,0,6.0,17.0,26.0,24.0,69.0,69.0,52.0
56,63,1,1,25,1,21.0,30.0,28.0,17.0,47.0,51.0,7.0
57,64,1,1,20,0,14.0,9.0,32.0,18.0,65.0,60.0,11.0
58,65,1,1,27,1,24.0,15.0,32.0,17.0,51.0,66.0,12.0
59,66,1,1,22,0,9.0,26.0,34.0,16.0,65.0,61.0,16.0
60,67,1,1,25,1,28.0,9.0,29.0,26.0,67.0,62.0,9.0
61,68,1,1,24,1,23.0,10.0,19.0,24.0,60.0,69.0,10.0
62,69,1,1,23,1,37.0,1.0,29.0,27.0,63.0,55.0,7.0
63,70,1,1,33,0,31.0,0.0,19.0,24.0,87.0,76.0,55.0
64,71,1,1,23,1,11.0,3.0,20.0,24.0,55.0,56.0,56.0
65,72,1,1,19,0,13.0,9.0,27.0,19.0,45.0,47.0,9.0
66,73,1,1,26,1,17.0,22.0,30.0,17.0,57.0,66.0,13.0
67,74,1,1,23,0,,44.0,30.0,15.0,43.0,28.0,53.0
68,75,1,1,22,0,18.0,4.0,32.0,19.0,50.0,58.0,8.0
69,76,1,1,29,1,27.0,3.0,25.0,23.0,66.0,58.0,14.0
70,77,1,1,25,1,25.0,0.0,19.0,17.0,53.0,52.0,9.0
71,78,1,1,26,0,28.0,23.0,24.0,14.0,72.0,54.0,8.0
72,79,1,1,18,1,19.0,0.0,19.0,25.0,35.0,50.0,7.0
73,80,1,1,28,0,21.0,5.0,31.0,20.0,64.0,61.0,8.0
74,81,1,1,25,0,24.0,4.0,21.0,21.0,62.0,63.0,66.0
75,83,1,1,23,1,16.0,0.0,26.0,23.0,55.0,57.0,13.0
76,84,1,1,19,1,28.0,21.0,32.0,20.0,63.0,54.0,11.0
77,85,1,1,19,0,10.0,10.0,31.0,18.0,74.0,59.0,16.0
78,87,1,1,19,0,20.0,3.0,23.0,19.0,62.0,62.0,8.0
79,90,1,1,29,0,17.0,10.0,23.0,20.0,76.0,52.0,59.0
80,91,1,1,27,1,18.0,39.0,35.0,19.0,42.0,45.0,59.0
81,92,1,1,18,0,18.0,0.0,19.0,27.0,67.0,58.0,7.0
82,93,1,1,23,0,18.0,30.0,33.0,12.0,32.0,59.0,46.0
83,94,1,1,20,0,26.0,3.0,20.0,21.0,57.0,57.0,10.0
84,96,1,1,27,0,28.0,6.0,34.0,24.0,64.0,45.0,13.0
85,97,1,1,18,1,17.0,5.0,19.0,16.0,63.0,50.0,7.0
86,98,1,1,21,0,23.0,0.0,20.0,13.0,48.0,65.0,9.0
87,99,1,1,24,1,21.0,20.0,31.0,18.0,35.0,46.0,18.0
88,100,1,1,19,1,18.0,7.0,28.0,23.0,55.0,65.0,13.0
89,101,1,1,19,0,24.0,13.0,21.0,16.0,46.0,63.0,33.0
90,200,1,2,26,1,23.0,0.0,19.0,22.0,54.0,72.0,20.0
91,201,1,2,32,1,12.0,3.0,25.0,25.0,43.0,56.0,9.0
92,202,1,2,42,1,12.0,75.0,39.0,15.0,20.0,41.0,53.0
93,203,1,2,22,1,10.0,45.0,34.0,23.0,,55.0,7.0
94,204,1,2,25,1,17.0,61.0,39.0,13.0,26.0,45.0,57.0
95,205,1,2,24,1,5.0,38.0,36.0,13.0,41.0,53.0,12.0
96,206,1,2,24,1,11.0,28.0,34.0,12.0,29.0,63.0,15.0
97,207,1,2,32,1,11.0,66.0,39.0,12.0,38.0,20.0,60.0
98,208,1,2,25,1,34.0,0.0,27.0,27.0,,67.0,12.0
99,209,1,2,18,1,20.0,26.0,31.0,16.0,38.0,52.0,10.0
100,210,1,2,20,1,0.0,48.0,42.0,9.0,,45.0,
101,211,1,2,25,0,6.0,14.0,24.0,13.0,36.0,44.0,12.0
102,212,1,2,19,1,13.0,0.0,25.0,25.0,53.0,59.0,11.0
103,213,1,2,32,1,0.0,12.0,29.0,17.0,,51.0,57.0
104,214,1,2,27,1,31.0,16.0,32.0,22.0,43.0,90.0,51.0
105,215,1,2,22,0,24.0,3.0,21.0,24.0,98.0,66.0,8.0
106,216,1,2,25,0,18.0,0.0,24.0,18.0,45.0,63.0,8.0
107,217,1,2,20,1,9.0,24.0,39.0,20.0,56.0,53.0,10.0
108,218,1,2,34,0,18.0,49.0,37.0,17.0,48.0,42.0,58.0
109,220,1,2,26,1,27.0,53.0,43.0,14.0,,50.0,26.0
110,221,1,2,18,0,15.0,4.0,33.0,15.0,,59.0,13.0
111,222,1,2,18,0,0.0,36.0,36.0,14.0,29.0,57.0,10.0
112,223,1,2,32,0,26.0,26.0,31.0,17.0,,53.0,17.0
113,224,1,2,33,1,20.0,5.0,33.0,19.0,29.0,41.0,58.0
114,225,1,2,20,0,23.0,2.0,21.0,19.0,55.0,62.0,22.0
115,226,1,2,19,1,21.0,5.0,27.0,20.0,58.0,41.0,7.0
116,227,1,2,23,1,11.0,37.0,38.0,12.0,31.0,29.0,62.0
117,228,1,2,22,1,30.0,10.0,27.0,28.0,91.0,86.0,10.0
118,229,1,2,25,0,15.0,25.0,34.0,23.0,,50.0,62.0
119,230,1,2,23,0,19.0,16.0,28.0,22.0,52.0,65.0,11.0
120,231,1,2,21,0,20.0,22.0,35.0,23.0,44.0,58.0,14.0
121,232,1,2,19,1,0.0,33.0,31.0,16.0,34.0,46.0,37.0
122,233,1,2,23,0,19.0,4.0,19.0,19.0,57.0,53.0,33.0
123,234,1,2,37,1,39.0,0.0,26.0,23.0,68.0,45.0,9.0
124,235,1,2,26,1,32.0,0.0,19.0,27.0,60.0,69.0,6.0
125,236,1,2,22,0,29.0,10.0,22.0,23.0,87.0,63.0,16.0
126,237,1,2,22,1,30.0,2.0,22.0,19.0,39.0,68.0,14.0
127,239,1,2,19,0,19.0,19.0,33.0,14.0,47.0,65.0,9.0
128,240,1,2,24,1,16.0,13.0,34.0,25.0,66.0,45.0,13.0
129,241,1,2,18,0,24.0,1.0,21.0,27.0,75.0,91.0,55.0
130,242,1,2,22,0,22.0,21.0,31.0,17.0,65.0,50.0,56.0
131,243,1,2,18,0,17.0,8.0,35.0,22.0,61.0,53.0,63.0
132,244,1,2,28,1,25.0,19.0,35.0,22.0,36.0,35.0,58.0
133,245,1,2,24,0,33.0,0.0,23.0,18.0,54.0,59.0,7.0
134,246,1,2,26,0,40.0,0.0,19.0,22.0,53.0,67.0,8.0
135,247,1,2,18,1,12.0,9.0,32.0,17.0,55.0,45.0,58.0
136,248,1,2,21,1,15.0,5.0,24.0,23.0,,65.0,11.0
137,249,1,2,25,0,17.0,5.0,30.0,17.0,67.0,59.0,61.0
138,250,1,2,22,1,10.0,2.0,23.0,20.0,49.0,36.0,14.0
139,251,1,2,29,0,30.0,2.0,31.0,23.0,49.0,43.0,29.0
140,252,1,2,22,0,0.0,3.0,27.0,17.0,,60.0,41.0
141,253,1,2,25,0,22.0,1.0,19.0,22.0,48.0,67.0,11.0
142,254,1,2,24,1,26.0,28.0,32.0,17.0,52.0,,61.0
143,255,1,2,27,1,25.0,2.0,26.0,23.0,39.0,52.0,8.0
144,256,1,2,20,0,22.0,10.0,31.0,24.0,71.0,50.0,11.0
145,257,1,2,18,1,29.0,4.0,27.0,19.0,76.0,68.0,12.0
146,258,1,2,22,1,26.0,0.0,19.0,27.0,69.0,76.0,9.0
147,259,1,2,35,0,21.0,20.0,32.0,15.0,56.0,46.0,18.0
148,260,1,2,41,1,33.0,59.0,30.0,19.0,55.0,43.0,14.0
149,261,1,2,18,0,14.0,6.0,31.0,25.0,43.0,72.0,5.0
150,262,1,2,20,1,5.0,0.0,19.0,26.0,47.0,60.0,11.0
151,263,1,2,23,1,21.0,4.0,27.0,23.0,51.0,51.0,7.0
152,264,1,2,25,1,24.0,,,14.0,48.0,57.0,
153,265,1,2,28,1,0.0,1.0,20.0,21.0,45.0,78.0,9.0
154,266,1,2,36,0,8.0,10.0,24.0,20.0,43.0,45.0,8.0
155,267,1,2,20,0,31.0,3.0,20.0,25.0,73.0,70.0,8.0
156,268,1,2,20,1,19.0,4.0,19.0,28.0,58.0,78.0,11.0
157,269,1,2,18,0,15.0,0.0,19.0,28.0,66.0,75.0,8.0
158,270,1,2,18,0,8.0,6.0,23.0,22.0,54.0,77.0,7.0
159,271,1,2,18,0,15.0,19.0,30.0,17.0,60.0,57.0,7.0
160,273,1,2,21,1,17.0,0.0,20.0,24.0,82.0,58.0,8.0
161,274,1,2,31,0,8.0,16.0,33.0,,,,63.0
162,275,1,2,22,1,19.0,63.0,40.0,,,,9.0
163,276,1,2,33,0,20.0,39.0,40.0,18.0,51.0,54.0,56.0
164,277,1,2,22,1,16.0,19.0,34.0,24.0,57.0,47.0,10.0
166,279,1,2,24,1,12.0,34.0,34.0,21.0,66.0,56.0,60.0
167,280,1,2,18,0,5.0,12.0,26.0,16.0,19.0,58.0,22.0
168,281,1,2,19,0,13.0,6.0,35.0,22.0,55.0,53.0,12.0
169,282,1,2,21,0,10.0,9.0,29.0,16.0,35.0,49.0,10.0
170,283,1,2,19,0,18.0,0.0,19.0,22.0,49.0,61.0,13.0
171,284,1,2,22,1,14.0,18.0,32.0,14.0,44.0,40.0,14.0
172,285,1,2,29,0,22.0,10.0,28.0,16.0,60.0,58.0,11.0
173,286,1,2,19,0,16.0,26.0,36.0,,39.0,47.0,59.0
174,287,1,2,18,0,6.0,7.0,33.0,,63.0,66.0,20.0
175,288,1,2,21,0,11.0,2.0,23.0,15.0,62.0,46.0,8.0
176,289,1,2,26,1,30.0,0.0,24.0,,67.0,84.0,8.0
177,290,1,2,23,0,16.0,23.0,35.0,22.0,52.0,72.0,15.0
178,291,1,2,19,0,11.0,31.0,34.0,12.0,40.0,50.0,38.0
179,292,1,2,33,0,13.0,4.0,31.0,,48.0,57.0,7.0
180,293,1,2,23,0,14.0,1.0,19.0,22.0,46.0,51.0,9.0
181,294,1,2,22,1,12.0,24.0,29.0,,33.0,43.0,225.0
182,295,1,2,19,0,16.0,4.0,22.0,22.0,58.0,54.0,6.0
183,296,1,2,19,0,20.0,7.0,22.0,19.0,55.0,52.0,55.0
184,297,1,2,23,1,11.0,8.0,29.0,22.0,44.0,50.0,7.0
185,298,1,2,23,1,9.0,8.0,22.0,,44.0,42.0,12.0
186,299,1,2,22,1,,57.0,39.0,,32.0,45.0,225.0
187,300,1,2,24,1,19.0,8.0,18.0,23.0,61.0,50.0,7.0
188,301,1,2,21,1,11.0,6.0,27.0,17.0,32.0,68.0,14.0
189,302,1,2,21,0,17.0,5.0,26.0,23.0,46.0,62.0,8.0
190,303,1,2,18,0,16.0,10.0,29.0,,57.0,41.0,9.0
191,304,1,2,18,0,14.0,1.0,24.0,19.0,55.0,59.0,6.0
192,400,0,0,21,1,36.0,4.0,23.0,28.0,68.0,80.0,8.0
193,401,0,0,24,0,37.0,0.0,25.0,22.0,88.0,100.0,8.0
194,403,0,0,23,1,19.0,4.0,33.0,27.0,56.0,59.0,8.0
195,404,0,0,25,0,33.0,7.0,20.0,24.0,85.0,58.0,6.0
196,405,0,0,29,0,23.0,11.0,29.0,25.0,68.0,69.0,55.0
197,406,0,0,22,0,19.0,0.0,27.0,25.0,66.0,76.0,55.0
198,407,0,0,19,0,13.0,0.0,19.0,15.0,73.0,74.0,13.0
199,408,0,0,25,0,14.0,9.0,30.0,20.0,90.0,76.0,12.0
200,409,0,0,22,0,29.0,0.0,20.0,22.0,61.0,64.0,9.0
201,410,0,0,20,1,23.0,0.0,23.0,28.0,74.0,58.0,9.0
202,411,0,0,32,1,39.0,17.0,19.0,25.0,74.0,69.0,10.0
203,412,0,0,28,1,14.0,2.0,24.0,23.0,57.0,63.0,10.0
204,413,0,0,25,1,15.0,31.0,36.0,17.0,69.0,58.0,11.0
205,414,0,0,23,1,31.0,12.0,30.0,21.0,67.0,54.0,11.0
206,415,0,0,27,0,27.0,13.0,26.0,24.0,74.0,68.0,12.0
207,416,0,0,34,1,23.0,5.0,19.0,27.0,73.0,75.0,8.0
208,417,0,0,24,0,37.0,25.0,33.0,25.0,73.0,73.0,21.0
209,418,0,0,31,0,15.0,15.0,24.0,18.0,68.0,59.0,9.0
210,419,0,0,20,0,31.0,0.0,24.0,26.0,70.0,65.0,15.0
211,420,0,0,24,0,22.0,4.0,25.0,16.0,63.0,59.0,61.0
212,421,0,0,19,0,25.0,23.0,23.0,17.0,63.0,57.0,64.0
213,422,0,0,22,1,20.0,0.0,19.0,22.0,74.0,68.0,12.0
214,423,0,0,25,0,34.0,1.0,19.0,28.0,85.0,79.0,8.0
215,424,0,0,31,1,21.0,0.0,19.0,23.0,60.0,68.0,8.0
216,425,0,0,23,1,29.0,0.0,21.0,24.0,83.0,75.0,8.0
217,426,0,0,23,1,31.0,12.0,19.0,25.0,58.0,110.0,7.0
218,427,0,0,21,0,28.0,0.0,22.0,24.0,85.0,66.0,9.0
219,428,0,0,26,1,35.0,0.0,19.0,23.0,53.0,62.0,8.0
220,430,0,0,25,1,27.0,7.0,34.0,23.0,66.0,66.0,6.0
221,431,0,0,23,1,29.0,1.0,19.0,26.0,93.0,75.0,8.0
222,432,0,0,25,1,26.0,0.0,24.0,23.0,69.0,74.0,8.0
223,433,0,0,21,0,18.0,39.0,33.0,21.0,65.0,71.0,7.0
224,434,0,0,26,1,31.0,2.0,34.0,25.0,81.0,56.0,8.0
225,435,0,0,21,0,23.0,13.0,30.0,23.0,64.0,69.0,9.0
226,436,0,0,30,1,36.0,3.0,19.0,24.0,70.0,59.0,13.0
227,437,0,0,25,0,21.0,7.0,31.0,25.0,57.0,81.0,9.0
228,438,0,0,24,0,,11.0,22.0,26.0,78.0,99.0,6.0
229,439,0,0,23,1,21.0,18.0,24.0,19.0,48.0,45.0,9.0
230,440,0,0,26,1,26.0,0.0,20.0,25.0,48.0,52.0,25.0
231,441,0,0,21,0,27.0,2.0,23.0,28.0,94.0,76.0,15.0
232,442,0,0,20,0,4.0,7.0,28.0,21.0,51.0,63.0,13.0
233,443,0,0,22,1,30.0,,,22.0,69.0,89.0,
234,444,0,0,27,0,20.0,11.0,30.0,23.0,64.0,51.0,10.0
235,445,0,0,24,0,17.0,9.0,31.0,16.0,63.0,60.0,8.0
236,446,0,0,24,1,5.0,7.0,34.0,10.0,45.0,55.0,30.0
237,447,0,0,25,0,27.0,0.0,19.0,23.0,85.0,89.0,9.0
238,448,0,0,24,1,20.0,,,22.0,67.0,36.0,
239,449,0,0,31,0,6.0,20.0,32.0,23.0,56.0,59.0,12.0
240,451,0,0,23,0,23.0,0.0,31.0,25.0,49.0,73.0,7.0
241,452,0,0,29,0,36.0,4.0,32.0,20.0,79.0,99.0,5.0
242,453,0,0,22,1,20.0,28.0,35.0,14.0,80.0,54.0,10.0
243,454,0,0,25,1,22.0,,,28.0,72.0,53.0,
244,456,0,0,22,1,25.0,0.0,19.0,25.0,59.0,68.0,11.0
245,457,0,0,25,1,20.0,0.0,19.0,23.0,64.0,87.0,9.0
246,458,0,0,22,1,31.0,0.0,19.0,27.0,73.0,71.0,7.0
247,459,0,0,22,0,24.0,0.0,19.0,24.0,66.0,74.0,54.0
248,460,0,0,27,1,24.0,11.0,21.0,26.0,61.0,64.0,8.0
249,461,0,0,32,1,26.0,1.0,19.0,17.0,53.0,70.0,8.0
250,462,0,0,19,1,22.0,14.0,29.0,20.0,80.0,58.0,12.0
251,463,0,0,42,1,30.0,16.0,30.0,28.0,59.0,70.0,8.0
252,464,0,0,23,1,17.0,1.0,21.0,17.0,56.0,44.0,7.0
253,465,0,0,26,1,27.0,6.0,21.0,15.0,38.0,62.0,12.0
254,466,0,0,26,1,28.0,0.0,24.0,28.0,54.0,61.0,8.0
255,467,0,0,25,1,28.0,7.0,29.0,20.0,66.0,60.0,9.0
256,468,0,0,34,1,31.0,7.0,19.0,27.0,73.0,60.0,7.0
257,469,0,0,26,1,30.0,0.0,20.0,26.0,76.0,90.0,9.0
258,470,0,0,19,1,23.0,10.0,31.0,24.0,57.0,59.0,7.0
259,471,0,0,20,1,27.0,0.0,19.0,19.0,85.0,80.0,8.0
260,472,0,0,26,0,17.0,16.0,36.0,19.0,63.0,66.0,15.0
261,473,0,0,19,1,0.0,5.0,23.0,26.0,53.0,66.0,24.0
262,474,0,0,42,1,22.0,43.0,35.0,26.0,63.0,54.0,10.0
263,475,0,0,32,1,38.0,3.0,26.0,27.0,74.0,59.0,9.0
264,476,0,0,26,1,33.0,14.0,23.0,25.0,56.0,60.0,8.0
265,477,0,0,23,0,30.0,0.0,19.0,27.0,90.0,95.0,10.0
266,478,0,0,26,0,25.0,4.0,30.0,24.0,69.0,62.0,9.0
267,479,0,0,21,1,17.0,1.0,25.0,22.0,53.0,59.0,11.0
268,480,0,0,34,0,25.0,12.0,21.0,21.0,64.0,53.0,42.0
269,481,0,0,23,1,7.0,15.0,22.0,24.0,44.0,68.0,11.0
270,482,0,0,25,1,25.0,0.0,22.0,24.0,59.0,52.0,11.0
271,483,0,0,19,0,21.0,17.0,23.0,17.0,34.0,54.0,10.0
272,484,0,0,18,0,23.0,1.0,19.0,25.0,58.0,68.0,15.0
273,485,0,0,21,1,17.0,0.0,19.0,26.0,62.0,62.0,9.0
274,486,0,0,31,0,27.0,5.0,21.0,23.0,45.0,68.0,6.0
275,490,0,0,21,1,21.0,22.0,25.0,16.0,66.0,53.0,8.0
276,491,0,0,22,1,20.0,13.0,34.0,23.0,37.0,59.0,8.0
277,492,0,0,26,1,24.0,0.0,19.0,25.0,61.0,65.0,20.0
278,493,0,0,24,1,15.0,20.0,19.0,24.0,63.0,65.0,7.0
279,494,0,0,20,0,22.0,8.0,34.0,18.0,63.0,60.0,9.0
280,495,0,0,19,0,26.0,9.0,19.0,15.0,49.0,71.0,53.0
281,496,0,0,23,0,30.0,4.0,20.0,25.0,78.0,80.0,9.0
282,497,0,0,26,1,6.0,5.0,23.0,25.0,47.0,57.0,11.0
283,498,0,0,22,0,28.0,4.0,23.0,23.0,73.0,62.0,53.0
284,500,0,0,26,1,34.0,7.0,19.0,24.0,74.0,59.0,30.0
285,501,0,0,22,0,27.0,0.0,31.0,27.0,65.0,67.0,31.0
286,502,0,0,22,1,26.0,0.0,19.0,25.0,59.0,59.0,13.0
287,503,0,0,24,1,21.0,0.0,19.0,24.0,71.0,96.0,8.0
288,504,0,0,22,1,24.0,0.0,19.0,21.0,64.0,76.0,12.0
289,505,0,0,18,0,23.0,0.0,19.0,17.0,75.0,63.0,10.0
290,506,0,0,23,0,16.0,0.0,19.0,23.0,83.0,69.0,7.0
291,507,0,0,20,0,14.0,0.0,32.0,17.0,78.0,78.0,54.0
292,509,0,0,20,1,17.0,0.0,19.0,24.0,79.0,74.0,8.0
293,510,0,0,29,1,23.0,40.0,30.0,26.0,75.0,63.0,13.0
294,511,0,0,20,0,20.0,0.0,23.0,16.0,51.0,68.0,11.0
295,512,0,0,25,0,25.0,5.0,19.0,24.0,88.0,76.0,11.0
296,513,0,0,25,0,17.0,25.0,30.0,26.0,96.0,76.0,10.0
297,514,0,0,19,1,14.0,6.0,25.0,19.0,58.0,51.0,8.0
298,515,0,0,19,0,14.0,2.0,31.0,22.0,69.0,66.0,12.0
299,516,0,0,25,0,22.0,7.0,27.0,21.0,83.0,68.0,23.0
300,517,0,0,19,0,19.0,6.0,35.0,23.0,85.0,91.0,11.0
301,518,0,0,27,1,31.0,20.0,31.0,23.0,64.0,55.0,8.0
302,520,0,0,22,0,12.0,10.0,31.0,25.0,50.0,51.0,63.0
303,521,0,0,38,1,30.0,0.0,20.0,28.0,49.0,76.0,6.0
304,522,0,0,19,0,13.0,15.0,26.0,20.0,54.0,50.0,55.0
305,523,0,0,20,1,24.0,3.0,26.0,23.0,90.0,69.0,10.0
306,524,0,0,26,0,26.0,0.0,19.0,21.0,55.0,56.0,56.0
307,525,0,0,24,1,27.0,0.0,26.0,27.0,65.0,69.0,47.0
308,526,0,0,28,1,24.0,12.0,33.0,24.0,70.0,61.0,58.0
309,527,0,0,21,0,16.0,2.0,23.0,21.0,52.0,77.0,6.0
310,528,0,0,22,1,17.0,15.0,21.0,23.0,55.0,66.0,12.0
311,529,0,0,21,1,21.0,2.0,21.0,23.0,64.0,65.0,5.0
312,530,0,0,41,1,26.0,0.0,30.0,28.0,69.0,69.0,9.0
313,531,0,0,18,0,21.0,0.0,19.0,27.0,70.0,59.0,6.0
314,532,0,0,18,0,19.0,6.0,26.0,26.0,73.0,69.0,14.0
315,533,0,0,23,0,21.0,0.0,20.0,19.0,68.0,66.0,10.0
316,534,0,0,25,1,33.0,3.0,19.0,24.0,77.0,68.0,9.0
317,535,0,0,18,1,19.0,13.0,23.0,22.0,74.0,56.0,9.0
318,536,0,0,23,1,29.0,0.0,19.0,28.0,80.0,77.0,8.0
319,537,0,0,20,0,30.0,2.0,30.0,27.0,79.0,94.0,11.0
320,538,0,0,21,1,24.0,8.0,18.0,28.0,78.0,93.0,7.0
321,539,0,0,28,1,33.0,1.0,21.0,28.0,98.0,92.0,7.0
322,540,0,0,30,0,30.0,3.0,31.0,24.0,89.0,71.0,8.0
323,541,0,0,21,0,28.0,3.0,25.0,23.0,76.0,71.0,52.0
324,542,0,0,20,0,22.0,9.0,34.0,24.0,56.0,59.0,9.0
325,543,0,0,18,0,18.0,0.0,21.0,23.0,68.0,72.0,7.0
326,544,0,0,18,0,17.0,26.0,34.0,21.0,83.0,59.0,6.0
327,545,0,0,20,1,20.0,0.0,29.0,27.0,58.0,53.0,9.0
328,546,0,0,21,0,17.0,7.0,24.0,27.0,76.0,66.0,9.0
329,547,0,0,22,1,17.0,0.0,19.0,24.0,75.0,65.0,11.0
330,548,0,0,31,0,26.0,2.0,19.0,20.0,67.0,69.0,10.0
331,549,0,0,22,1,24.0,6.0,20.0,25.0,58.0,75.0,8.0
332,560,0,0,18,0,15.0,12.0,30.0,19.0,56.0,68.0,16.0
333,561,0,0,19,0,21.0,0.0,19.0,23.0,71.0,76.0,60.0
334,562,0,0,21,0,12.0,7.0,34.0,26.0,65.0,55.0,60.0
335,563,0,0,18,0,25.0,0.0,19.0,25.0,70.0,78.0,9.0
336,564,0,0,18,0,15.0,0.0,22.0,24.0,56.0,69.0,18.0
337,565,0,0,21,0,21.0,0.0,25.0,25.0,77.0,76.0,9.0
338,566,0,0,22,0,32.0,0.0,19.0,20.0,70.0,92.0,9.0
339,567,0,0,27,0,24.0,8.0,30.0,22.0,89.0,60.0,56.0
340,568,0,0,19,0,15.0,7.0,34.0,23.0,75.0,61.0,9.0
341,569,0,0,19,0,17.0,26.0,32.0,20.0,62.0,53.0,10.0
342,570,0,0,21,0,13.0,10.0,36.0,22.0,69.0,60.0,59.0
343,571,0,0,20,0,16.0,13.0,28.0,19.0,60.0,69.0,12.0
344,572,0,0,32,0,24.0,2.0,27.0,21.0,60.0,74.0,9.0
345,573,0,0,24,0,20.0,25.0,34.0,17.0,68.0,66.0,48.0
346,574,0,0,19,0,17.0,42.0,39.0,16.0,62.0,56.0,8.0
347,575,0,0,25,1,18.0,5.0,20.0,22.0,64.0,69.0,11.0
348,576,0,0,26,1,28.0,0.0,32.0,25.0,61.0,65.0,11.0
349,577,0,0,20,0,18.0,2.0,19.0,16.0,76.0,66.0,9.0
350,578,0,0,19,0,23.0,28.0,35.0,25.0,103.0,82.0,10.0
351,579,0,0,22,1,22.0,0.0,19.0,27.0,56.0,80.0,10.0
352,580,0,0,22,0,27.0,1.0,29.0,17.0,61.0,59.0,8.0
353,581,0,0,21,1,28.0,0.0,19.0,26.0,63.0,57.0,6.0
354,582,0,0,26,1,18.0,2.0,19.0,23.0,64.0,76.0,7.0
355,583,0,0,21,0,20.0,19.0,32.0,18.0,58.0,68.0,10.0
356,584,0,0,25,1,21.0,0.0,23.0,22.0,76.0,53.0,7.0
357,585,0,0,22,0,24.0,7.0,29.0,15.0,73.0,70.0,49.0
358,586,0,0,19,1,22.0,2.0,19.0,22.0,73.0,58.0,13.0
359,587,0,0,19,0,24.0,5.0,34.0,24.0,39.0,56.0,9.0
